ID,Posterior_FA,Posterior_SA,Label,Uncertain
1,0.000333035641475477,0.999666964358524,SA,0
1,0.314160104817477,0.685839895182523,SA,1
1,0.0686996713966379,0.931300328603362,SA,0
3,0.998766539026331,0.00123346097366887,FA,0
3,0.999784074607288,0.00021592539271239,FA,0
4,0.966882575287337,0.0331174247126629,FA,0
5,0.999962816855504,3.71831444962921e-05,FA,0
6,2.37013314413425e-05,0.999976298668559,SA,0
6,0.999967722078217,3.22779217829246e-05,FA,0
7,0.338391267051415,0.661608732948585,SA,1
8,0.0061643544724358,0.993835645527564,SA,0
9,3.7532028720597e-05,0.999962467971279,SA,0
10,0.302260332855253,0.697739667144747,SA,1
12,7.51757818629817e-05,0.999924824218137,SA,0
12,0.0171482854016996,0.9828517145983,SA,0
13,0.999995087956761,4.91204323869177e-06,FA,0
16,0.998744382507639,0.00125561749236148,FA,0
16,0.997715876391638,0.00228412360836213,FA,0
16,0.995628095845873,0.00437190415412728,FA,0
16,0.996904919324793,0.00309508067520743,FA,0
20,0.382843942335266,0.617156057664734,SA,1
